"id","datum","start_tijd","eind_tijd","location_id","locatie","status","medewerker_id","titel","stad","provincie","adres","required_profile","factuur_id","reiskilometers"
82,"2025-05-26","16:57","18:56",17,islamabad,approved,john2244,"",Islamabad,kpk,Millenium Heights F11,,,22.0
83,"2025-06-02","18:12","20:14",17,islamabad,approved,john2244,"",Islamabad,kpk,Millenium Heights F11,blue pass,1,22.0
84,"2025-06-02","00:09","01:12",17,islamabad,approved,fawad,qs msded,Islamabad,"",Millenium Heights F11,blue pass,3,22.0
85,"2025-06-03","00:09","01:12",17,islamabad,approved,fawad,jbjkbj,Islamabad,"",Millenium Heights F11,blue pass,3,22.0
86,"2025-06-04","00:09","01:12",17,islamabad,approved,fawad,edjkdjdw,Islamabad,"",Millenium Heights F11,blue pass,3,22.0
87,"2025-06-05","00:09","01:12",17,islamabad,approved,fawad,nwknkwd,Islamabad,"",Millenium Heights F11,blue pass,3,22.0
88,"2025-06-06","00:09","01:12",17,islamabad,open,,ndejndjdw,Islamabad,,Millenium Heights F11,blue pass,,22.0
89,"2025-06-07","00:09","01:12",17,islamabad,open,,ndejndjdw,Islamabad,,Millenium Heights F11,blue pass,,22.0
90,"2025-06-08","00:09","01:12",17,islamabad,open,,ndejndjdw,Islamabad,,Millenium Heights F11,blue pass,,22.0
91,"2025-06-09","00:09","01:12",17,islamabad,open,,ndejndjdw,Islamabad,,Millenium Heights F11,blue pass,,22.0
92,"2025-06-13","14:16","15:17",17,islamabad,approved,john2244,"",Islamabad,kpk,Millenium Heights F11,blue pass,18,22.0
93,"2025-06-14","17:19","19:20",17,islamabad,approved,john2244,"",Islamabad,kpk,Millenium Heights F11,blue pass,18,22.0
